año,numero,titulo,revista,doi,pmid
2019,1,β-Caryophyllene a Natural Sesquiterpene Attenuates Neuropathic Pain and Depressive-Like Behavior in Experimental Diabetic Mice,J Med Food,10.1089/jmf.2018.0157,30864870
2019,2,Circulating soluble levels of MIF in women with breast cancer in the molecular subtypes: relationship with Th17 cytokine profile,Clin Exp Med,10.1007/s10238-019-00559-6,31102004
2019,3,A differential sex-specific pattern of IgG2 and IgG4 subclasses of anti-drug antibodies (ADAs) induced by glatiramer acetate in relapsing-remitting multiple sclerosis patients,Mult Scler Relat Disord,10.1016/j.msard.2019.06.021,31272071
2019,4,Macrophage migration inhibitory factor polymorphisms are a potential susceptibility marker in systemic sclerosis from southern Mexican population,Clin Rheumatol,10.1007/s10067-019-04459-8,30747392
2019,5,Epigenetic Modifications as Outcomes of Exercise Interventions Related to Specific Metabolic Alterations: A Systematic Review,Lifestyle Genom,10.1159/000503289,31546245
2019,6,B-cell activating factor receptor expression is associated with germinal center B-cell maintenance,Exp Ther Med,10.3892/etm.2019.7172,30783477
2019,7,Association between TLR4 polymorphisms and virulence factors in uropathogenic Escherichia coli,Clin Exp Med,10.1007/s10238-018-0527-0,30220001
2019,8,IL10 haplotypes are associated with diabetic nephropathy susceptibility in patients from western Mexico,J Clin Lab Anal,10.1002/jcla.22691,30345559
2019,9,Analysis of the rs2476601 polymorphism of PTPN22 in Mexican mestizo patients with leprosy,Biomed Rep,10.3892/br.2019.1184,30675352
2019,10,Impact of the gene-gene interactions related to the HIF-1α signaling pathway with the knee osteoarthritis development,Clin Rheumatol,10.1007/s10067-019-04635-w,31236747
2019,11,Hormonal modulation of Toxoplasma gondii infection: Regulation of hormonal receptors and cytokine production in THP-1 cells,Exp Parasitol,10.1016/j.exppara.2019.107721,31288023
2019,12,Functional MIF promoter haplotypes modulate Th17-related cytokine expression in peripheral blood mononuclear cells,Cytokine,10.1016/j.cyto.2018.11.014,30467094
2019,14,GPER Overexpression in Cervical Cancer Versus Premalignant Lesions: Its Activation Induces Different Forms of Cell Death,Anticancer Agents Med Chem,10.2174/1871520619666190206171509,30727915
2019,15,Concentration of ghrelin and leptin in serum and human milk in nursing mothers according to the type of feeding,Nutr Hosp,10.20960/nh.02534,31282166
2019,16,TNFA -308G>A and -238G>A polymorphisms and risk to systemic sclerosis,Clin Exp Med,10.1007/s10238-019-00569-4,31353423
2019,17,Association of CD28 and CTLA4 haplotypes with susceptibility to primary Sjögren's syndrome in Mexican population,J Clin Lab Anal,10.1002/jcla.22620,29992636
2019,18,KIR/HLA Gene Profile Implication in Systemic Sclerosis Patients from Mexico,J Immunol Res,10.1155/2019/6808061,30723749
2019,19,High BAFF expression associated with active disease in systemic lupus erythematosus,Clin Exp Med,10.1007/s10238-019-00549-8,30747361
2019,20,Frequency and Risk Factors of Kidney Alterations in Children and Adolescents who Are Overweight and Obese,J Ren Nutr,10.1053/j.jrn.2018.11.005,30679077
2019,21,Analysis of Genetic Variation in CD40 and CD40L: Relationship with mRNA Relative Expression and Soluble Proteins,J Immunol Res,10.1155/2019/8063983,31183392
2019,22,Interleukin-1 Alpha Polymorphisms Are Associated With Body Mass Index in Male But Not in Female Adolescents,Arch Med Res,10.1016/j.arcmed.2019.07.006,31495392
2019,23,Relationship of Excess Weight with Clinical Activity and Dietary Intake Deficiencies in Systemic Lupus Erythematosus Patients,Nutrients,10.3390/nu11112683,31698711
2019,25,PRL -1149T allele (rs1341239) is associated with decreased risk of rheumatoid arthritis,Clin Rheumatol,10.1007/s10067-019-04517-1,30911943
2019,26,IgG Anti-ghrelin Immune Complexes Are Increased in Rheumatoid Arthritis Patients Under Biologic Therapy,Front Endocrinol (Lausanne),10.3389/fendo.2019.00252,31057488
2019,27,Interaction between 17β-estradiol prolactin and human papillomavirus induce E6/E7 transcript,Cancer Cell Int,10.1186/s12935-019-0935-6,31507337
2019,28,Development of an effective and rapid qPCR for identifying human ChREBPα/β isoforms,Scand J Clin Lab Invest,10.1080/00365513.2019.1581944,30813849
2019,29,PTPN22 +788 G>A (R263Q) Polymorphism is Associated with mRNA Expression,Biochem Genet,10.1007/s10528-019-09902-8,30637604
2019,30,Interactions between DRD2/ANKK1 TaqIA Polymorphism and Dietary Factors Influence Plasma Triglyceride Concentrations,Nutrients,10.3390/nu11122863,31766642
2019,31,Phytochemical composition and immunobiological activity of Hawthorn Crataegus mexicana nanoencapsulated,Fish Shellfish Immunol,10.1016/j.fsi.2019.06.024,31200073
2019,32,Cytokines (IL-15 IL-21 and IFN-γ) in rheumatoid arthritis: association with positivity to autoantibodies,Clin Rheumatol,10.1007/s10067-019-04681-4,31312989
2019,33,17β‑estradiol‑induced mitochondrial dysfunction and Warburg effect in cervical cancer cells,Int J Oncol,10.3892/ijo.2019.4912,31746421
2019,34,Assessment of CD40 and CD40L expression in rheumatoid arthritis patients,Clin Exp Med,10.1007/s10238-019-00568-5,31313080
2019,35,Letter to the editor: The association of CD40 polymorphism and soluble CD40 with the risk of systemic lupus erythematosus,Clin Rheumatol,10.1007/s10067-019-04491-8,30847685
2019,36,Expression of the receptor of advanced glycation end-products (RAGE) in peripheral blood mononuclear cells (PBMC),Iran J Basic Med Sci,10.22038/ijbms.2019.34571.8206,31231489
2019,37,PTPN22 1858C>T polymorphism is associated with increased CD154 expression and higher CD4+ T cells percentage,J Clin Lab Anal,10.1002/jcla.22710,30402903
2019,38,Macrophage migration inhibitory factor promoter polymorphisms are associated with disease activity in rheumatoid arthritis,Mol Genet Genomic Med,10.1002/mgg3.1037,31701681
2019,39,Association of soluble CD40 levels with -1 C > T CD40 polymorphism and chronic kidney disease in systemic lupus erythematosus,Mol Genet Genomic Med,10.1002/mgg3.1014,31642196
2019,40,Association between the -844 G>A HindIII C>G and 4G/5G PAI-1 Polymorphisms and Susceptibility to Multiple Sclerosis,Dis Markers,10.1155/2019/9626289,31687051
2020,1,Effect of supplementation with vitamins D3 and K2 on undercarboxylated osteocalcin and insulin serum levels,Diabetol Metab Syndr,10.1186/s13098-020-00580-w,32831908
2020,2,The -675 4G/5G PAI-1 polymorphism confers genetic susceptibility to systemic lupus erythematosus,Autoimmunity,10.1080/08916934.2019.1700957,31829037
2020,3,Association of the genetic variants of macrophage migration inhibitory factor (MIF) with higher soluble levels of MIF and TNFα,J Clin Lab Anal,10.1002/jcla.23209,31978276
2020,4,Low-grade chronic inflammation is attenuated by exercise training in obese adults through down-regulation of ASC gene,Genes Nutr,10.1186/s12263-020-00674-0,32854610
2020,5,A potential inflammatory role of IL-31 in psoriatic arthritis: A correlation with Th17 cytokine profile,Int J Immunopathol Pharmacol,10.1177/2058738420907186,32138573
2020,6,Anthropometric and Body Composition Profile of Young Professional Soccer Players,J Strength Cond Res,10.1519/JSC.0000000000003416,32058363
2020,7,Second Version of a Mini-Survey to Evaluate Food Intake Quality (Mini-ECCA v.2),Nutrients,10.3390/nu12030809,32204379
2020,9,Association of cardiometabolic risk status with clinical activity and damage in systemic lupus erythematosus patients,Clin Immunol,10.1016/j.clim.2020.108637,33232825
2020,10,Physical inactivity and excessive sucrose consumption are associated with higher serum lipids,J Hum Nutr Diet,10.1111/jhn.12747,32163222
2020,11,Antioxidant Supplementation Modulates Neutrophil Inflammatory Response to Exercise-Induced Stress,Antioxidants (Basel),10.3390/antiox9121242,33297363
2020,12,Expression of BAFF and BAFF receptors in primary Sjögren's syndrome patients with ectopic germinal center-like structures,Clin Exp Med,10.1007/s10238-020-00637-0,32506205
2020,13,Validation of a Spanish-Language Questionnaire on Adolescent Eating Behavior Based on Social Cognitive Theory,J Nutr Educ Behav,10.1016/j.jneb.2020.01.002,32088123
2020,15,Assessment of serum macrophage migration inhibitory factor (MIF) adiponectin and other adipokines as potential markers,Biomark Res,10.1186/s40364-020-00236-x,33133605
2020,16,Expression patterns of CD28 and CTLA-4 in early chronic and untreated rheumatoid arthritis,J Clin Lab Anal,10.1002/jcla.23188,31907973
2020,17,Macrophage inhibitory factor (MIF) gene polymorphisms are associated with disease susceptibility and with circulating MIF levels,Mol Genet Genomic Med,10.1002/mgg3.1416,32705792
2020,18,Effect of Ursolic Acid on Insulin Resistance and Hyperinsulinemia in Rats with Diet-Induced Obesity,J Med Food,10.1089/jmf.2019.0154,31747348
2020,19,Haplotypes of (-794(CATT)5-8/-173G>C) MIF gene polymorphisms and its soluble levels in basal cell carcinoma,J Investig Med,10.1136/jim-2020-001414,33046523
2020,20,Using a lactation room at the workplace is associated with longer breastfeeding duration in working mothers,Nutr Hosp,10.20960/nh.03242,32960635
2020,21,Cytokine profiles and clinical characteristics in primary Sjögren´s síndrome patient groups,J Clin Lab Anal,10.1002/jcla.23629,33070375
2020,22,Functional effects of vitamin D: From nutrient to immunomodulator,Crit Rev Food Sci Nutr,10.1080/10408398.2020.1862753,33354999
2020,23,Serum Analysis of Women with Early-Stage Breast Cancer Using a Mini-Array of Tumor-Associated Antigens,Biosensors (Basel),10.3390/bios10100149,33096879
2020,24,Nutritional Approaches for the Management of Nonalcoholic Fatty Liver Disease: An Evidence-Based Review,Nutrients,10.3390/nu12123860,33348700
2020,25,Downregulation of Inflammatory Cytokine Release from IL-1β and LPS-Stimulated PBMC Orchestrated by ST2825,Molecules,10.3390/molecules25184322,32967164
2020,26,Obesity dyslipidemia and high blood pressure are associated with cardiovascular risk,J Int Med Res,10.1177/0300060520980596,33342336
2020,27,Health-Related Factors in Rural and Urban Mexican Adolescents from the State of Jalisco: The HELENA-MEX Study,Int J Environ Res Public Health,10.3390/ijerph17238959,33276473
2020,28,Leu72Met polymorphism of GHRL gene decreases susceptibility to type 2 diabetes mellitus,BMC Endocr Disord,10.1186/s12902-020-00596-3,32698854
2020,29,Anti-nucleosome antibodies increase the risk of renal relapse in a prospective cohort of patients,Sci Rep,10.1038/s41598-020-69608-5,32728051
2020,30,Relationship between TNF-α MMP-8 and MMP-9 levels in gingival crevicular fluid and the subgingival microbiota,Odontology,10.1007/s10266-019-00435-5,31214897
2020,31,Bacterial Succession through the Artisanal Process and Seasonal Effects Defining Bacterial Communities,Microorganisms,10.3390/microorganisms9010024,33374626
2020,32,Association of Vitamin D Metabolism Gene Polymorphisms with Autoimmunity: Evidence in Population Genetic Studies,Int J Mol Sci,10.3390/ijms21249626,33348854
2020,34,Analysis of the receptor BCMA as a biomarker in systemic lupus erythematosus patients,Sci Rep,10.1038/s41598-020-63390-0,32277232
2020,35,Alliin an Allium sativum Nutraceutical Reduces Metaflammation Markers in DIO Mice,Nutrients,10.3390/nu12030624,32120804
2020,37,Healthy Obese Subjects Differ in Chronotype Sleep Habits and Adipose Tissue Fatty Acid Composition,Nutrients,10.3390/nu13010119,33396200
2020,38,A Metabolically Unhealthy Phenotype Is Associated with ADIPOQ Genetic Variants and Lower Serum Adiponectin Levels,Lifestyle Genom,10.1159/000510021,33137807
2020,41,Impact of APOE Alleles-by-Diet Interactions on Glycemic and Lipid Features in Type 2 Diabetes Patients,Pharmgenomics Pers Med,10.2147/PGPM.S277952,33273843
2020,44,The Relevance of Selenium Status in Rheumatoid Arthritis,Nutrients,10.3390/nu12103007,33007934
2020,46,Metabolic Syndrome Among Young Health Professionals in the Multicenter Latin America Metabolic Syndrome Study,Metab Syndr Relat Disord,10.1089/met.2019.0086,31851589
2021,1,Influence of Diet and Levels of Zonulin Lipopolysaccharide and C-Reactive Protein on Cardiometabolic Risk Factors,Nutrients,10.3390/nu13124472,34960024
2021,2,Expression of macrophage migration inhibitory factor and its receptor CD74 in systemic sclerosis,Cent Eur J Immunol,10.5114/ceji.2021.109756,34764810
2021,3,Phylogenomics and population genomics of SARS-CoV-2 in Mexico during the pre-vaccination stage,Microb Genom,10.1099/mgen.0.000684,34846283
2021,4,Presence of Adenovirus-36 DNA in Adipose Tissue of Women: Relationship with Adipocyte Morphology,Diabetes Metab Syndr Obes,10.2147/DMSO.S285341,33568924
2021,5,The ACTN3 R577X polymorphism is associated with metabolic alterations in a sex-dependent manner,J Hum Nutr Diet,10.1111/jhn.12948,34750902
2021,6,The PI3K/Akt/mTOR pathway: A potential pharmacological target in COVID-19,Drug Discov Today,10.1016/j.drudis.2021.11.002,34763066
2021,8,Effects of short chain fatty acids on metabolic and inflammatory processes in human health,Biochim Biophys Acta Mol Cell Biol Lipids,10.1016/j.bbalip.2021.158900,33571672
2021,9,High dietary ω-6:ω-3 PUFA ratio and simple carbohydrates as a potential risk factors for gallstone disease,Clin Res Hepatol Gastroenterol,10.1016/j.clinre.2021.101802,34896648
2021,10,Association of TAP1 1177A>G and 2090A>G gene polymorphisms with latent tuberculosis infections,Rev Inst Med Trop Sao Paulo,10.1590/S1678-9946202163055,34231820
2021,11,Social Representations of Drinking Water in Schoolchildren and Parents from Two Schools in Zapopan Mexico,Nutrients,10.3390/nu13061871,34070874
2021,12,Altered Expression of TSPAN32 during B Cell Activation and Systemic Lupus Erythematosus,Genes (Basel),10.3390/genes12060931,34207245
2021,13,The Novel Role of MIF in the Secretion of IL-25 IL-31 and IL-33 from PBMC of Patients with Rheumatoid Arthritis,Molecules,10.3390/molecules26164968,34443554
2021,14,Metabolic syndrome in rheumatoid arthritis patients: Relationship among its clinical components,J Clin Lab Anal,10.1002/jcla.23666,33231330
2021,15,In Vivo Healthy Benefits of Galacto-Oligosaccharides from Lupinus albus (LA-GOS) in Butyrate Production,Biomolecules,10.3390/biom11111658,34827656
2021,16,Association of Food Intake Quality with Vitamin D in SARS-CoV-2 Positive Patients from Mexico,Int J Environ Res Public Health,10.3390/ijerph18147266,34299717
2021,17,Validation of the Spanish-Mexican Version of the Australian Breastfeeding Attitude Questionnaire,Int J Environ Res Public Health,10.3390/ijerph18094609,33925475
2021,18,Commentary: Long Non-Coding RNA Gene Polymorphisms and Their Expression Levels in Patients With Rheumatoid Arthritis,Front Immunol,10.3389/fimmu.2021.801266,34956240
2021,19,Neutralizing Antibodies against SARS-CoV-2 Anti-Ad5 Antibodies and Reactogenicity in Response to Ad5-nCoV Vaccine,Vaccines (Basel),10.3390/vaccines9091047,34579284
2021,20,Macrophage migration inhibitory factor gene polymorphisms confer risk of plaque psoriasis,J Clin Lab Anal,10.1002/jcla.23999,34533238
2021,21,Association between rs662 (A > G) and rs854560 (A > T) polymorphisms in PON1 gene and the susceptibility for psoriasis,Mol Biol Rep,10.1007/s11033-020-06031-z,33284416
2021,22,Factors associated with longer breastfeeding duration in Mexican working mothers,Aten Primaria,10.1016/j.aprim.2021.102097,34020390
2021,23,Functional Food and Bioactive Compounds on the Modulation of the Functionality of HDL-C: A Narrative Review,Nutrients,10.3390/nu13041165,33916032
2021,24,COVID-19 Screening by Anti-SARS-CoV-2 Antibody Seropositivity: Clinical and Epidemiological Characteristics,Int J Environ Res Public Health,10.3390/ijerph18178995,34501583
2021,25,Th1/Th2 Balance in Young Subjects: Relationship with Cytokine Levels and Metabolic Profile,J Inflamm Res,10.2147/JIR.S342545,34908860
2021,26,Association of High Calcitriol Serum Levels and Its Hydroxylation Efficiency Ratio with Disease Risk in SLE Patients,J Immunol Res,10.1155/2021/2808613,35005031
2021,27,Infancy and Childhood Obesity Grade Predicts Weight Loss in Adulthood: The ONTIME Study,Nutrients,10.3390/nu13072132,34206431
2021,28,Neutralizing Antibodies Titers and Side Effects in Response to BNT162b2 Vaccine in Healthcare Workers,Vaccines (Basel),10.3390/vaccines9070742,34358158
2021,29,Overview of Neutralizing Antibodies and Their Potential in COVID-19,Vaccines (Basel),10.3390/vaccines9121376,34960121
2021,30,Prevalence and Risk Factors of Food Insecurity among Mexican University Students' Households,Nutrients,10.3390/nu13103426,34684437
2021,31,Association between the TAP1 gene polymorphisms and recurrent respiratory papillomatosis in patients from Western Mexico,J Clin Lab Anal,10.1002/jcla.23712,33507546
2021,33,Performance evaluation of a lateral flow assay for nasopharyngeal antigen detection for SARS-CoV-2 diagnosis,J Clin Lab Anal,10.1002/jcla.23745,33675086
2021,34,17β-estradiol modulates the expression of hormonal receptors on THP-1 T gondii-infected macrophages and monocytes,Mol Biochem Parasitol,10.1016/j.molbiopara.2021.111433,34822916
2021,35,Direct and Indirect Effects of COVID-19 in Frail Elderly: Interventions and Recommendations,J Pers Med,10.3390/jpm11100999,34683141
2021,36,Advances in Genetics and Epigenetic Alterations in Alzheimer's Disease: A Notion for Therapeutic Treatment,Genes (Basel),10.3390/genes12121959,34946908
2021,37,PTPN22 gene functional polymorphism (rs2476601) in older adults with frailty syndrome,Mol Biol Rep,10.1007/s11033-021-06212-4,33611779
2021,38,A Local Health Situation Room for COVID-19: Recommendations for Decision-Making From a Higher Education Institution,Front Public Health,10.3389/fpubh.2021.735658,34760864
2021,39,Troublesome friends within us: the role of gut microbiota on rheumatoid arthritis etiopathogenesis,Clin Exp Med,10.1007/s10238-020-00647-y,32712721
2021,40,Pleiotrophin Serum Level is Increased in Relapsing-Remitting Multiple Sclerosis and Correlates With Sex BMI and Treatment,Arch Med Res,10.1016/j.arcmed.2021.06.005,34247888
2021,41,Body Dissatisfaction and Its Association with Health-Related Factors in Rural and Urban Mexican Adolescents,Int J Environ Res Public Health,10.3390/ijerph182212215,34831971
2021,42,The Newcastle satisfaction with nursing scales in a Mexican Oncology Hospital,Afr Health Sci,10.4314/ahs.v21i1.10,34394282
2021,43,Canonical (CD74/CD44) and Non-Canonical (CXCR2 4 and 7) MIF Receptors Are Differentially Expressed in Rheumatoid Arthritis,J Clin Med,10.3390/jcm11010120,35011861
2021,44,Vitamin D Levels in COVID-19 Outpatients from Western Mexico: Clinical Correlation and Effect of Its Supplementation,J Clin Med,10.3390/jcm10112378,34071293
2021,45,A review: Antibody-dependent enhancement in COVID-19: The not so friendly side of antibodies,Int J Immunopathol Pharmacol,10.1177/20587384211050199,34632844
2021,46,Enfermedades reumáticas y alergias la dualidad del sistema inmunológico,Rev Alerg Mex,10.29262/ram.v68i4.984,34904562
2021,47,Validation of semiquantitative FFQ administered to adults: a systematic review,Public Health Nutr,10.1017/S1368980020001834,32772982
2021,48,Participación de la vitamina A en la producción de IgA secretora en el epitelio del tracto respiratorio,Rev Alerg Mex,10.29262/ram.v68i3.977,34634849
2021,49,Potential immunomodulatory effects of vitamin D in the prevention of severe coronavirus disease 2019,Int J Mol Med,10.3892/ijmm.2021.4865,33537824
2021,51,Neck and Wrist Circumferences as Indicators of Metabolic Alterations in the Pediatric Population: A Scoping Review,Children (Basel),10.3390/children8040297,33924538
2021,52,RT-qPCR Assays for Rapid Detection of the N501Y 69-70del K417N and E484K SARS-CoV-2 Mutations,Front Cell Infect Microbiol,10.3389/fcimb.2021.672562,34123874
2021,53,A Comprehensive Descriptive Epidemiological and Clinical Analysis of SARS-CoV-2 in West-Mexico during COVID-19 Pandemic 2020,Int J Environ Res Public Health,10.3390/ijerph182010644,34682388
2021,54,Association between IL-17A IL-17F and IL-17RA gene polymorphisms and susceptibility to psoriasis and psoriatic arthritis,Inflamm Res,10.1007/s00011-021-01514-6,34705056
2021,55,Macrophage migration inhibitory factor: A promising oncogenic serological biomarker for oral squamous cell carcinoma,Int J Immunopathol Pharmacol,10.1177/20587384211038417,34416845
2022,1,Escherichia/Shigella SCFAs and Metabolic Pathways-The Triad That Orchestrates Intestinal Dysbiosis,Microorganisms,10.3390/microorganisms10061231,35744749
2022,2,Emotional Eating and Dietary Patterns: Reflecting Food Choices in People with and without Abdominal Obesity,Nutrients,10.3390/nu14071371,35405983
2022,3,Therapeutic response to leflunomide in combo therapy and monotherapy is associated to serum teriflunomide levels,Sci Rep,10.1038/s41598-022-05644-7,35115601
2022,4,Breastfeeding training in Mexican health students may not be enough: A case analysis,Nurse Educ Today,10.1016/j.nedt.2021.105172,34741913
2022,5,The Effect of Dietary Interventions on Hypertriglyceridemia: From Public Health to Molecular Nutrition Evidence,Nutrients,10.3390/nu14051104,35268076
2022,6,Methodological Aspects in Randomized Clinical Trials of Nutritional Interventions,Nutrients,10.3390/nu14122365,35745096
2022,7,Psychological responses to COVID-19 in a Mexican population: an exploratory study during second and third phases,Psychol Health Med,10.1080/13548506.2021.1883689,33586546
2022,8,The Reproducibility and Relative Validity of a Food Frequency Questionnaire for Identifying Iron-Related Dietary Patterns,Nutrients,10.3390/nu14112313,35684114
2022,9,Trace elements in blood of Baltic gray seal pups from the Gulf of Riga and their relationship with biochemical parameters,Mar Pollut Bull,10.1016/j.marpolbul.2022.113973,35908491
2022,10,The growing need to monitor the liver function after SARS-CoV-2 infection in the Mexican population with obesity,Ann Hepatol,10.1016/j.aohep.2022.100698,35259496
2022,11,A First Record of Organochlorine Pesticides in Barn Owls from Portugal,Bull Environ Contam Toxicol,10.1007/s00128-022-03576-6,35871684
2022,12,Role of Leu72Met of GHRL and Gln223Arg of LEPR Variants on Food Intake Subjective Appetite and Hunger-Satiety Hormones,Nutrients,10.3390/nu14102100,35631243
2022,13,Effect of Metformin on Glycemic Control Regarding Carriers of the SLC22A1/OCT1 Polymorphism,Diabetes Metab Syndr Obes,10.2147/DMSO.S354579,35711690
2023,1,Physical Activity Protocols in Non-Alcoholic Fatty Liver Disease Management: A Systematic Review,Healthcare (Basel),10.3390/healthcare11141992,37510432
2023,2,Food insecurity was negatively associated with adherence to the fruits vegetables dietary pattern,BMC Public Health,10.1186/s12889-023-15755-z,37226130
2023,3,Nutritional biochemical and clinical determinants of hyperuricemia in systemic lupus erythematosus patients,Lupus,10.1177/09612033221146923,36562214
2023,4,Severe COVID-19: Drugs and Clinical Trials,J Clin Med,10.3390/jcm12082893,37109231
2023,5,Immunostimulant effects of diet supplementation with yellow white and black sapote nanocapsules on laying hens,Trop Anim Health Prod,10.1007/s11250-023-03778-y,37851183
2023,6,Low glycemic index common bean snack increased satiety without modifying energy intake in adults with normal weight,Int J Food Sci Nutr,10.1080/09637486.2023.2170335,36683011
2023,7,A systematic review of educational nutrition interventions based on behavioral theories in school adolescents,Appetite,10.1016/j.appet.2023.107087,37865297
2023,8,Evening types as determined by subjective and objective measures are more emotional eaters,Obesity (Silver Spring),10.1002/oby.23749,37140408
2023,9,A mix of ginger phenols exhibits anti‑adipogenic and lipolytic effects in mature adipocytes derived from 3T3‑L1 cells,Exp Ther Med,10.3892/etm.2023.12035,37383373
2023,10,A Balanced Dietary Ratio of n-6:n-3 Polyunsaturated Fatty Acids Exerts an Effect on Total Fatty Acid Profile,Healthcare (Basel),10.3390/healthcare11162333,37628530
2023,11,Skinfold Thickness as a Cardiometabolic Risk Predictor in Sedentary and Active Adult Populations,J Pers Med,10.3390/jpm13091326,37763094
2023,12,The Influence of Lifestyle on High-Density Lipoprotein Concentration among Mexican Emerging Adults,Nutrients,10.3390/nu15214568,37960221
2023,13,FTO genotypes (rs9939609 T>A) are Associated with Increased Added Sugar Intake in Healthy Young Adults,Lifestyle Genom,10.1159/000534741,37879306
2023,14,Effects of Foods of Mesoamerican Origin in Adipose Tissue and Liver-Related Metabolism,Medicina (Kaunas),10.3390/medicina59111907,38003956
2023,15,Breastfeeding-Related Health Benefits in Children and Mothers: Vital Organs Perspective,Medicina (Kaunas),10.3390/medicina59091535,37763654
2023,16,A Nutrigenetic Strategy for Reducing Blood Lipids and Low-Grade Inflammation in Adults with Obesity and Overweight,Nutrients,10.3390/nu15204324,37892400
2023,17,Elevated Serum Low-Density Lipoproteins-Cholesterol Levels and B1B2/B2B2 CETP Genotype Are Positively Associated,Metab Syndr Relat Disord,10.1089/met.2022.0010,36318507
2023,18,Abdominal Obesity Excessive Adiposity and the Taq1B CETP Variant Are Positively Associated with Serum Lipid Levels,Lifestyle Genom,10.1159/000529053,36652934
2023,19,Methyl Donor Micronutrients: A Potential Dietary Epigenetic Target in Systemic Lupus Erythematosus Patients,Int J Mol Sci,10.3390/ijms24043171,36834583
2023,20,Association of - 717 A > G (rs2794521) CRP polymorphism with high cardiovascular risk by C-reactive protein,Clin Rheumatol,10.1007/s10067-022-06430-6,36355253
2023,21,Nutritional Approaches to Modulate Cardiovascular Disease Risk in Systemic Lupus Erythematosus: A Literature Review,Nutrients,10.3390/nu15041036,36839394
2023,22,10‑Gingerol a novel ginger compound exhibits antiadipogenic effects without compromising cell viability in 3T3‑L1 cells,Biomed Rep,10.3892/br.2023.1687,38025831
2023,23,Lipid-Related Genetic Variants for Personalized Dietary Interventions: A Systematic Review,Mol Nutr Food Res,10.1002/mnfr.202200675,37186438
2023,24,Medical nutrition therapy in patients receiving extracorporeal membrane oxygenation: knowledge in progress,Arch Cardiol Mex,10.24875/ACM.22000109,37562137
2023,25,FAAH Pro129Thr Variant Is Associated with Increased Cholesterol Levels in Normal-Weight Metabolically Unhealthy Subjects,Metab Syndr Relat Disord,10.1089/met.2023.0014,37433211
2023,26,Development characterization and immunomodulation performance of spray-dried Moringa oleifera seed extract,Vet Res Commun,10.1007/s11259-023-10156-4,37420134
2023,27,Vitamin D in Depression: A Potential Bioactive Agent to Reduce Suicide and Suicide Attempt Risk,Nutrients,10.3390/nu15071765,37049606
2023,28,Effect of Human Adenovirus 36 on Response to Metformin Monotherapy in Obese Mexican Patients with Type 2 Diabetes,Viruses,10.3390/v15071514,37515200
2023,29,Pharmacomicrobiomics and Drug-Infection Interactions: The Impact of Commensal Symbiotic and Pathogenic Microorganisms,Int J Mol Sci,10.3390/ijms242317100,38069427
2023,30,Association of intestinal dysbiosis with susceptibility to multiple sclerosis: Evidence from different population studies,Biomed Rep,10.3892/br.2023.1675,37901876
2023,31,A Commentary on: Serum Trace Element Concentrations in Rheumatoid Arthritis,Biol Trace Elem Res,10.1007/s12011-022-03319-y,35697893
2023,32,Relationship between lipid profile anthropometric indicators and appetite- regulating hormones in infants,Nutr Hosp,10.20960/nh.04477,37522456
2023,33,Lifestyle mediators of associations among siestas obesity and metabolic health,Obesity (Silver Spring),10.1002/oby.23765,37140401
2024,1,A Two-Faced Gut Microbiome: Butyrogenic and Proinflammatory Bacteria Predominate in People Living with HIV,Int J Mol Sci,10.3390/ijms25094830,38732048
2024,2,Beyond the Classroom: The Influence of Food Insecurity Mental Health and Sleep Quality on University Students,Foods,10.3390/foods13162508,39200435
2024,3,Acute Antioxidant Response to Two Types of Exercises: 2000 M Run vs. Burpee Test,Antioxidants (Basel),10.3390/antiox13020144,38397742
2024,4,Transcriptional and epigenetic changes after dietary and surgical weight loss interventions,Int J Obes (Lond),10.1038/s41366-023-01395-1,37833561
2024,7,Educational Nutritional Intervention Program for Adolescents Based on Social Cognitive Theory,Health Serv Insights,10.1177/11786329241249011,38680728
2024,8,Positive correlation between n- 6:n-3 PUFA ratio intake with serum oxHDL/HDL-c ratio in patients with coronary artery disease,Coron Artery Dis,10.1097/MCA.0000000000001437,39729580
2024,9,Social representations of breastfeeding in health science students: A first step to strengthening their training,Nurse Educ Pract,10.1016/j.nepr.2024.103991,38823293
2024,10,Loss of the Y Chromosome: A Review of Molecular Mechanisms Age Inference and Implications for Men's Health,Int J Mol Sci,10.3390/ijms25084230,38673816
2024,11,Genetic risk score for insulin resistance based on gene variants associated to amino acid metabolism in young adults,PLoS One,10.1371/journal.pone.0299543,38422035
2024,12,Low 25-Hydroxyvitamin D Levels as a Predictor of Depressive Symptoms: Evidence from Community- Dwelling Older Adults,Exp Aging Res,10.1080/0361073X.2023.2269803,37830306
2024,13,Association between the FAAH C385A variant (rs324420) and obesity-related traits: a systematic review,Int J Obes (Lond),10.1038/s41366-023-01428-9,38114812
2024,14,Effect of coffee intake on appetite parameters in woman with overweight or obesity: A pilot crossover randomized trial,Endocrinol Diabetes Nutr (Engl Ed),10.1016/j.endien.2024.03.021,38986627
2024,15,Relationship Between Serum Levels of Oxidized Lipoproteins Circulating Levels of Myeloperoxidase and Paraoxonase 1,Nutrients,10.3390/nu16223930,39599716
2024,16,FTO rs9939609: T>A Variant and Physical Inactivity as Important Risk Factors for Class III Obesity,Healthcare (Basel),10.3390/healthcare12070787,38610209
2024,17,Contribution of extracellular vesicles to steatosis-related liver disease and their therapeutic potential,World J Hepatol,10.4254/wjh.v16.i9.1211,39351515
2024,18,Clusters of Sociodemographic Characteristics and Their Association with Food Insecurity in Mexican University Students,Foods,10.3390/foods13162507,39200434
2024,19,Association of c.+677 C>T and c.+1298 A>C MTHFR genetic variants with cardiometabolic and disease risk,Lupus,10.1177/09612033241257158,38782407
2024,20,10-Gingerol reduces cytoplasmic lipid droplets and induces lipolysis in 3T3-L1 adipocytes,Adipocyte,10.1080/21623945.2024.2411453,39385585
2024,21,10-Gingerol Increases Antioxidant Enzymes and Attenuates Lipopolysaccharide-Induced Inflammation,Antioxidants (Basel),10.3390/antiox13091093,39334752
2024,22,FADS1 Genetic Variant and Omega-3 Supplementation Are Associated with Changes in Fatty Acid Composition,Nutrients,10.3390/nu16203522,39458515
2024,23,Analysis of Potential Vitamin D Molecule Biomarkers: Association of Calcitriol and Its Hydroxylation Efficiency Ratio,Biomedicines,10.3390/biomedicines12020273,38397875
2024,24,H3K9me3 demethylation by JMJD2B is regulated by pirfenidone resulting in improved NASH,Sci Rep,10.1038/s41598-024-75458-2,39433954
2024,25,Relationship of serum and dietary vitamin D with high cardiometabolic risk in Mexican systemic lupus erythematosus patients,Lupus,10.1177/09612033241252060,38709772
2024,26,Updated-Food Choice Questionnaire: Cultural Adaptation and Validation in a Spanish-Speaking Population from Mexico,Nutrients,10.3390/nu16213749,39519583
2024,27,Comparison of repeatability of subjective appetite sensations in men and women at different menstrual cycle phase,Nutr Hosp,10.20960/nh.05153,39268569
2024,28,Effects of Physical Activity on Cognition Behavior and Motor Skills in Youth with Autism Spectrum Disorder,Behav Sci (Basel),10.3390/bs14040330,38667126
2024,29,Modulatory L-Alliin Effect on Acute Inflammatory Cytokines in Diet-Induced Obesity Mice,Metabolites,10.3390/metabo14110580,39590816
2024,30,The Role of Diet and Physical Activity in Shaping COVID-19 Severity,Healthcare (Basel),10.3390/healthcare12080813,38667575
2025,1,First record of trace elements in cetaceans stranded along the Asturias Coastline Northwest Spain,J Trace Elem Med Biol,10.1016/j.jtemb.2025.127669,40349439
2025,2,Macrophage migration inhibitory factor: Exploring physiological roles and comparing health benefits,Int J Mol Med,10.3892/ijmm.2025.5590,40682854
2025,3,The Role of TLRs in Obesity and Its Related Metabolic Disorders,Int J Mol Sci,10.3390/ijms26052229,40076851
2025,4,Chrononutrition in Chronic Kidney Disease,Nutrients,10.3390/nu17030389,39940247
2025,5,Assembly and activation of the NLRP3 inflammasome and cytokine quantification in response to exercise,Front Sports Act Living,10.3389/fspor.2025.1602208,40761804
2025,6,Phenotype-Driven Variability in Longitudinal Body Composition Changes After a Very Low-Calorie Ketogenic Intervention,J Pers Med,10.3390/jpm15060251,40559113
2025,7,Industrial Applications Principal Sources and Extraction of Galactomannans: A Review,Foods,10.3390/foods14091587,40361669
2025,8,Malnutrition in Substance Use Disorders: A Critical Issue in Their Treatment and Recovery,Healthcare (Basel),10.3390/healthcare13080868,40281819
2025,10,Dietary n-6:n-3 PUFA Ratio Modulates Inflammation-Related Gene Expression and Influences Improvements,Nutrients,10.3390/nu17121996,40573106
2025,11,Modulation of the Inflammatory Response by Adenovirus 36 in Patients with Obesity and Type 2 Diabetes,Viruses,10.3390/v17040552,40284995
2025,12,Phenolic Compounds and Anthocyanins in Legumes and Their Impact on Inflammation Oxidative Stress and Metabolism,Molecules,10.3390/molecules30010174,39795230
2025,13,Serum OxLDL Levels Are Positively Associated with the Number of Ischemic Events and Damaged Blood Vessels,Healthcare (Basel),10.3390/healthcare13121426,40565453
2025,14,Immunometabolic Effects of Ginger Supplementation in Obesity: A Comprehensive Review,Molecules,10.3390/molecules30142933,40733199
2025,15,A mixture of ginger phenolic compounds enhances mitochondrial function activates AMPK and reduces lipid accumulation,PLoS One,10.1371/journal.pone.0326690,40577283
2025,16,Guidance and Position of RINN22 regarding Precision Nutrition and Nutriomics,Lifestyle Genom,10.1159/000542789,39617000
2025,17,Associations of Sociodemographic Characteristics with Food Choice Motives' Importance Among Mexican Adults,Foods,10.3390/foods14020158,39856824
2025,18,Perfil eritrocitario y dietético de ácidos grasos omega-3 en mujeres embarazadas con sobrepeso u obesidad,Nutr Hosp,10.20960/nh.05332,39512009
2025,19,Design and Optimization of a Second-Generation Extruded Snack Using Carrot Waste Blue Corn Flour and Ellagic Acid,Foods,10.3390/foods14101657,40428437
2025,20,The blood pressure lowering effect of beetroot juice is impaired in periodontitis,NPJ Biofilms Microbiomes,10.1038/s41522-024-00622-5,39788958
2025,21,Uncoupling Proteins Variants Are Linked to Hypercholesterolemia and Abdominal Obesity in Metabolically Unhealthy Women,Lifestyle Genom,10.1159/000543484,39820029
2025,22,Mutual Impact of Dietary Antioxidants and TNF-α rs1800629 on Insulin Levels in Adults with Obesity,Nutrients,10.3390/nu17142345,40732969
2025,23,Effect of a Supervised Aerobic Exercise Training Program and Ginkgo Biloba Extract on Metabolic Parameters,Healthcare (Basel),10.3390/healthcare13060663,40150513
2025,24,Effect of a Diet Supplemented with Marine Omega-3 Fatty Acids on Inflammatory Markers in Subjects with Obesity,Healthcare (Basel),10.3390/healthcare13020103,39857130
2025,25,Sex differences in the prevalence and profile of metabolic syndrome in self-appointed healthy adults,Endokrynol Pol,10.5603/ep.104506,40586404
2025,26,Carboxylated Osteocalcin as an Independent Predictor of Mean Arterial Pressure and the Atherogenic Index in Adults,Int J Mol Sci,10.3390/ijms26041733,40004196
